--
-- PostgreSQL database dump
--

-- Dumped from database version 9.3.3
-- Dumped by pg_dump version 9.3.3
-- Started on 2014-06-26 23:25:11 JST

SET statement_timeout = 0;
SET lock_timeout = 0;
SET client_encoding = 'UTF8';
SET standard_conforming_strings = on;
SET check_function_bodies = f;
SET client_min_messages = warning;

SET search_path = public, pg_catalog;

--
-- TOC entry 2835 (class 0 OID 16399)
-- Dependencies: 172
-- Data for Name: meetings; Type: TABLE DATA; Schema: public; Owner: hacker
--

COPY meetings (id, title, body, capacity, user_id, image, start_date, end_date, url, place, place_info, created_at, updated_at) FROM stdin;
2	いわーく会	## 概要\r\nいわーくを祭る会\r\n\r\n## 参加条件\r\nいわーくを祭りたい方のみ	3	13	\N	2014-05-16 14:00:00	2014-05-16 15:00:00	http://	東京		2014-05-16 11:43:39.541813	2014-05-16 11:43:39.541813
1	第１回ゲームプログラミング勉強会	# この勉強会は延期になりました。\r\n# ご迷惑をおかけしますが、\r\n# 再び日程を調整するまでお待ちください。\r\n\r\n## 概要\r\n\r\n２日間を通して、ゲーム作成の基礎から実践まで\r\nみんなで一緒に勉強しましょう。\r\n\r\n初日は基礎の基礎から勉強し、\r\n２日目はチームに分かれてハッカソン形式で学んだことを実践します。\r\n\r\n## タイムテーブル\r\n\r\n### 【24日】\r\n\r\n| 時間                | 内容\r\n|:----------------|:----------------|\r\n| 9:30                | 渋谷駅集合 |\r\n| 10:00 - 13:30   | enchant.js講習 |\r\n| 13:30 - 14:30   | お昼休み |\r\n| 14:30 - 17:30   | サンプルゲームプログラミング |\r\n| 17:30 - 19:00   | チームビルディング・企画決定 |\r\n\r\n### 【25日】\r\n\r\n| 時間                | 内容\r\n|:----------------|:----------------|\r\n| 10:00               |  現地集合 |\r\n| 10:00 - 17:00   | チームごとに開発 |\r\n| 17:00 - 19:00   | 成果発表・フィードバック |\r\n| 19:00 - 19:30   | Donutsの紹介 |\r\n| 19:30 -            | どこかで打ち上げ |\r\n\r\n## つくるゲーム\r\n\r\nPCまたはスマホで動作するブラウザベースのゲームを作成します。\r\n\r\n## 目的\r\n\r\n* 企画力／技術力／チーム開発スキルの向上\r\n* 面白いゲームを作って世界中の人に遊んでもらおう！\r\n\r\n## 募集対象\r\n\r\nエンジニアメインになりますが、１から勉強するため、どなたでもご参加いただけます。\r\n\r\n* ゲームの企画をしたい人\r\n* デザインをしたい人\r\n* 開発をしたい人\r\n\r\nどしどしご参加ください！\r\n\r\n## 企画例\r\n\r\n* 後ほど追記\r\n\r\n　   \r\n-----  \r\n　  \r\n#### 株式会社Donutsでは、15卒の新卒およびインターン生を募集しています。\r\n\r\n（宣伝）\r\n\r\n\r\n[会場へのアクセスはこちら](http://www.donuts.ne.jp/about/access.html "アクセス")	30	1	10009739_687316187993150_6054107824003653431_n.jpg	2014-04-30 15:00:00	2014-05-01 15:00:00	http://	株式会社Donuts	JR線「渋谷駅」西口より徒歩5分	2014-05-15 18:39:09.033035	2014-06-01 10:18:16.607632
3	Swift勉強会	## 概要\r\nAppleから新しく発表されたプログラミング言語 SwiftでiPhoneアプリを開発しよう！\r\n詳細: https://developer.apple.com/swift/\r\n\r\n## 準備\r\n* Apple開発者アカウント\r\n* Xcode 6 beta\r\n* （任意で）Swiftで作ってみたアプリ等あればご持参ください。\r\n\r\n## 参加条件\r\n大学生〜社会人まで誰でもOK！	20	1	swift-hero.png	2014-06-07 04:00:00	2014-06-07 10:00:00	http://	皆大好きギブリー本社	渋谷区南平台町15－13帝都渋谷ビル８階（ https://givery.co.jp/corpinfo/access.html ）  渋谷駅より徒歩10分	2014-06-03 00:47:24.814278	2014-06-03 11:54:26.267981
4	第２回Swift勉強会	## 概要\r\n\r\n前回は、「2048」のゲームを作りました。\r\n\r\n今回は、前回のおさらい・補足をしてから（新規参加者が多いようなら、もう一度作り直すかも）、「2048」を解くAI（人工知能）を開発します。\r\n\r\n基本的なAIの作り方を講義し、全員で実践したあと、\r\n各自でブラッシュアップして、AIに出させた得点を競いましょう。\r\nなお、AIについては素人に毛が生えた程度なので、基本的に皆で考えるというスタンスです。\r\n\r\nSwiftについての解説も行います。\r\n\r\nまた、第１回に参加できなかった人も気軽に参加できるように準備をします。\r\nなので、Swiftが初めての方でも問題ありません。\r\n\r\n## タイムテーブル\r\n\r\n### 日程: **29日**\r\n\r\n| 時間                | 内容\r\n|:----------------|:----------------|\r\n| 13:00               | 会場集合 |\r\n| 19:00               | 解散 |\r\n\r\n## 目的\r\n\r\n* 強いアルゴリズムを考えて「頭」を鍛えよう！\r\n* 楽しもう！\r\n* Swiftとかいう言語を学ぼう！\r\n\r\n## 準備\r\n\r\n* Xcode6　\r\n* 何らかの言語の基本的な知識\r\n  * 配列とかfor文とかわかればオーケー！\r\n  * クラスを作ったことあればバッチリ。\r\n  * 無い人は勉強してから来てね！\r\n\r\n## 参加条件\r\n* 大学生または社会人\r\n* 中高生は申し訳ないけど、ダメです。\r\n\r\nどしどしご参加ください！\r\n	20	1	__________2014-06-09_23.22.28.png	2014-06-29 04:00:00	2014-06-29 10:00:00	http://	ドーナツ屋さん	渋谷区道玄坂1丁目10-8 渋谷道玄坂東急ビル6階	2014-06-09 14:32:41.523432	2014-06-23 11:17:46.711647
\.


--
-- TOC entry 2844 (class 0 OID 0)
-- Dependencies: 171
-- Name: meetings_id_seq; Type: SEQUENCE SET; Schema: public; Owner: hacker
--

SELECT pg_catalog.setval('meetings_id_seq', 4, t);


--
-- TOC entry 2839 (class 0 OID 16427)
-- Dependencies: 176
-- Data for Name: members; Type: TABLE DATA; Schema: public; Owner: hacker
--

COPY members (id, meeting_id, user_id, joined_at, status, created_at, updated_at) FROM stdin;
1	1	1	2014-05-15 18:39:09.052182	join	2014-05-15 18:39:09.052738	2014-05-15 18:39:09.052738
2	1	3	2014-05-16 04:34:53.549698	join	2014-05-16 04:34:53.550717	2014-05-16 04:34:53.550717
3	1	4	2014-05-16 04:49:50.294938	join	2014-05-16 04:49:50.295727	2014-05-16 04:49:50.295727
5	1	7	2014-05-16 05:18:51.531293	join	2014-05-16 05:18:51.531991	2014-05-16 05:18:51.531991
6	1	2	2014-05-16 07:30:31.63057	join	2014-05-16 07:30:31.631203	2014-05-16 07:30:31.631203
7	1	10	2014-05-16 08:09:05.506467	join	2014-05-16 08:09:05.507171	2014-05-16 08:09:05.507171
8	1	11	2014-05-16 09:57:27.177167	join	2014-05-16 09:57:27.177844	2014-05-16 09:57:27.177844
9	1	12	2014-05-16 11:36:43.583143	join	2014-05-16 11:36:43.58388	2014-05-16 11:36:43.58388
10	2	13	2014-05-16 11:43:39.544871	join	2014-05-16 11:43:39.545304	2014-05-16 11:43:39.545304
11	1	13	2014-05-16 11:44:07.228384	join	2014-05-16 11:44:07.228973	2014-05-16 11:44:07.228973
12	2	1	2014-05-16 12:00:25.153681	join	2014-05-16 12:00:25.154468	2014-05-16 12:00:25.154468
13	1	15	2014-05-16 12:41:58.792522	join	2014-05-16 12:41:58.793168	2014-05-16 12:41:58.793168
14	1	6	2014-05-16 12:48:16.717287	join	2014-05-16 12:48:16.717835	2014-05-16 12:48:16.717835
15	1	16	2014-05-16 17:12:59.928643	join	2014-05-16 17:12:59.929333	2014-05-16 17:12:59.929333
16	1	17	2014-05-16 22:57:30.334467	join	2014-05-16 22:57:30.335079	2014-05-16 22:57:30.335079
17	1	18	2014-05-17 06:05:11.032009	join	2014-05-17 06:05:11.033723	2014-05-17 06:05:11.033723
18	1	19	2014-05-17 07:54:23.086349	join	2014-05-17 07:54:23.087135	2014-05-17 07:54:23.087135
19	1	20	2014-05-18 01:57:01.815391	join	2014-05-18 01:57:01.816332	2014-05-18 01:57:01.816332
20	1	24	2014-05-20 03:46:09.036091	join	2014-05-20 03:46:09.058998	2014-05-20 03:46:09.058998
21	1	22	2014-05-20 13:53:34.461776	join	2014-05-20 13:53:34.542903	2014-05-20 13:53:34.542903
22	1	25	2014-05-23 01:42:13.347316	join	2014-05-23 01:42:13.386773	2014-05-23 01:42:13.386773
4	1	5	2014-05-16 05:04:57.433321	cancel	2014-05-16 05:04:57.434085	2014-05-23 04:58:17.247009
23	3	1	2014-06-03 00:47:25.345313	join	2014-06-03 00:47:25.346446	2014-06-03 00:47:25.346446
24	3	24	2014-06-03 01:55:48.068704	join	2014-06-03 01:55:48.070505	2014-06-03 01:55:48.070505
25	3	27	2014-06-03 02:35:34.860007	join	2014-06-03 02:35:34.876696	2014-06-03 02:35:34.876696
26	3	28	2014-06-03 03:07:57.562543	join	2014-06-03 03:07:57.563826	2014-06-03 03:07:57.563826
27	3	31	2014-06-03 16:46:56.452379	join	2014-06-03 16:46:56.483955	2014-06-03 16:46:56.483955
28	3	7	2014-06-04 23:46:04.116009	join	2014-06-04 23:46:04.396412	2014-06-04 23:46:04.396412
29	3	34	2014-06-06 10:15:28.212146	join	2014-06-06 10:15:28.637445	2014-06-06 10:15:28.637445
30	3	37	2014-06-07 03:06:12.985377	join	2014-06-07 03:06:13.242511	2014-06-07 03:06:13.242511
31	4	1	2014-06-09 14:32:44.130217	join	2014-06-09 14:32:44.257449	2014-06-09 14:32:44.257449
33	3	36	2014-06-10 04:50:01.585309	join	2014-06-10 04:50:08.434042	2014-06-10 04:50:08.434042
34	3	33	2014-06-10 04:55:37.23668	join	2014-06-10 04:55:44.682325	2014-06-10 04:55:44.682325
35	4	35	2014-06-20 02:54:46.927101	join	2014-06-20 02:54:46.947554	2014-06-20 02:54:46.947554
36	4	39	2014-06-20 03:36:44.296254	join	2014-06-20 03:36:44.319299	2014-06-20 03:36:44.319299
37	4	37	2014-06-20 03:43:31.84166	join	2014-06-20 03:43:31.842838	2014-06-20 03:43:31.842838
38	4	12	2014-06-20 22:41:36.259739	join	2014-06-20 22:41:36.266149	2014-06-20 22:41:36.266149
\.


--
-- TOC entry 2845 (class 0 OID 0)
-- Dependencies: 175
-- Name: members_id_seq; Type: SEQUENCE SET; Schema: public; Owner: hacker
--

SELECT pg_catalog.setval('members_id_seq', 38, t);


--
-- TOC entry 2833 (class 0 OID 16393)
-- Dependencies: 170
-- Data for Name: schema_migrations; Type: TABLE DATA; Schema: public; Owner: hacker
--

COPY schema_migrations (version) FROM stdin;
20140507130438
20140508010145
20140510105227
20140515163340
\.


--
-- TOC entry 2837 (class 0 OID 16411)
-- Dependencies: 174
-- Data for Name: users; Type: TABLE DATA; Schema: public; Owner: hacker
--

COPY users (id, email, encrypted_password, reset_password_token, reset_password_sent_at, remember_created_at, sign_in_count, current_sign_in_at, last_sign_in_at, current_sign_in_ip, last_sign_in_ip, provider, uid, name, token, nickname, gender, birthday, location, created_at, updated_at, belonging) FROM stdin;
3	ayaka.doki@gmail.com	$2a$10$ZG6fco.Y7r5vsdIRFf1SPOqx5eVP/9ltg5wBuPIPbh68Xqf2O87ha	\N	\N	\N	1	2014-05-16 04:30:31.673012	2014-05-16 04:30:31.673012	180.31.97.215	180.31.97.215	facebook	100003210881929	Ayaka Doki	CAADMgIjhm8EBALkzam2fvPINRHTzBt6Lw34QvZCGCzL1ZBwrCLZBoKoo1xoKphEZCz1i9CkukWEGMjWZCs6UZBakyLYTwgcNmuNs0QiO4KlNQWUwOJtGZCVsCx6ZCnwGZCjLkaTYeReNoVjNOumFhb20uxojZBMGPtgraTbP40yw713qLlPvmWzOmrI0ChUxcfZCPkZD	あやぽよ	female	02/26/1993	Setagaya-ku, Tokyo, Japan	2014-05-16 04:30:31.657856	2014-05-16 04:30:44.990973	慶応義塾大学商学部
1	iwark02@gmail.com	$2a$10$VhrCA5jrGKEPlBMF8oTXKO1KNoE1bpG/kUkRJez1EJumy1YLhZXnq	\N	\N	\N	30	2014-06-23 10:57:26.74629	2014-06-20 03:17:50.785048	110.5.42.106	182.249.242.31	facebook	100001443255301	Kohei Iwasaki	CAADMgIjhm8EBACU3GzCRKYtBtiYroDPFZBBBGyGhkkXzI9Xgv5Bjl0ev6dChKeLU5vas87JzZB6SjbOM5BbjQfN99L6SimaCowQ2l6m7BHXGGOgEBwBHC3SRZBEqwLHgKnn68ft8KafUQUssgbgNQ43emGf7mhFNvfOVyNi5X9TscwzUTsqhYwAuef68RoZD	いわーく	male	05/18/1991	Chiyoda-ku, Tokyo, Japan	2014-05-08 09:43:19.148536	2014-06-23 10:57:29.384463	上智大学４年生
4	teppei.s512@gmail.com	$2a$10$ts.qEcrINUQpWvcee8VCkuOxW3aWEaIIPTKgIyHul.Nzb4fsFBaq2	\N	\N	\N	1	2014-05-16 04:49:15.388355	2014-05-16 04:49:15.388355	202.221.39.193	202.221.39.193	facebook	100002705953833	Teppei Sakamoto	CAADMgIjhm8EBAEJWZBciqgMRMoA5ZBBdP1SalhFtTWCF45rHzXE0WQCkraDQ27wYF4BaiBZC0dbhqgc1exzZAhqfZCw9vMQR1JLX4ELGmDxuZAljdSP6KaAeGcJEkvNCrFgfEtvZBTB3XOP2uwm4kcOTBf2Qt9MhaZARxgUxBOWeYhUroHbZBjZA2a	さかもちょ	male	12/16/1993	Sayama, Saitama	2014-05-16 04:49:15.385192	2014-05-16 04:49:39.352462	早稲田大学３年生
10	app.fk91@gmail.com	$2a$10$ODDXuAt7SAz0QIeUW5DROe4YhTRBW9YZqAcprT8vyuDZhKt5gJOLq	\N	\N	\N	1	2014-05-16 08:07:59.979844	2014-05-16 08:07:59.979844	130.153.201.180	130.153.201.180	facebook	100005112150535	Fukuo Kadota	CAADMgIjhm8EBACRud7Tq91eKZC7QVLFKjDMuVhdZCRPJNFSXIokNDwWeaPXRx6JpBaI4c2gc12CyeZBGyZBuzJ00p4rJK9sQqXwpfZAZAZCEHSaaS8VXYt4iWQIhuANZCtKUIyXBONgjWbLSldnwUz24mKKcgqGjKBu0ZAthOxFdDZAqkEXvpfKNdqwhkyYzadJW8ZD	もんちゃん	male	09/01/1991	Fuchu, Tokyo	2014-05-16 08:07:59.975412	2014-05-16 08:08:36.946468	電気通信大学 大学院 1年生
2	hattori.kohei1026@gmail.com	$2a$10$G0yDBbNbv.IzUNd5tKNdm.ovMriYXPs2236tbhANhDidK1QR436ZG	\N	\N	\N	7	2014-05-25 12:06:55.809598	2014-05-25 12:06:54.504331	110.5.42.106	110.5.42.106	facebook	100002049643106	Kohei Hattori	CAADMgIjhm8EBAJd3zd0VzfzlkoZAdKgjBSrWYyPgC9BEeushYBqjPtaCQiCuJHKtHhZAxZCynRWLChBaFSb6zoiWZB5GrxJ6InprbLZCAN10zIUy7asXH63VMJEsJCT60hMZCp6yD0I98ZBrDqFIes5wvYnz1PW8wiOu60jSi25RQaEmC7ZBL3QI	はっとりん	male	10/26/1989	Inukami-gun, Shiga, Japan	2014-05-10 07:07:57.694508	2014-05-25 12:06:55.811874	株式会社Donuts
9	tuvistavie@fuji.waseda.jp	$2a$10$w9e1LnMfdcRacStTHkp.dOIpwzuDoyJ/cOyXc/qQftKJMaVnA5oZq	\N	\N	\N	2	2014-06-22 15:19:38.545946	2014-05-16 06:11:34.121607	118.22.176.253	133.11.192.254	facebook	595665095	Daniel Perez	CAADMgIjhm8EBADziWXUPqZCbNcPHAwieudjGMDNZCf6ZCt7abzBsi7m7TBQLnVZBc3vHceLPISshgkP1BgsikEfMNNk4K3dKptj2telX6hwZB2Jv7eZBEMqa28IJ3JMWg0ipPj2CW9PuN1JY5Fy52VfHnU2VDTi6QXd3PTE9z1VbDh2USFNMzU	ダニー	male	11/24/1989	Suginami-ku, Tokyo, Japan	2014-05-16 06:11:34.115353	2014-06-22 15:19:38.758323	東京大学
5	ericsson.goodjob@gmail.com	$2a$10$kqHa6Yi0xWbpuJaa5TdDMekPCwQ2CByGrVAw7WG0Wxg.39jf2nrk6	\N	\N	\N	2	2014-05-23 04:57:47.0936	2014-05-16 05:04:33.863187	110.5.42.106	110.5.42.106	facebook	100004544893822	Wataru  Sanuki	CAADMgIjhm8EBANvDxMiCnqf22rxofeb9cC2SvBFlhJ5P3PhLu5DAtwzBmyMJ4oRIcoqmo1TmHyo7nkn4iXeibDsTzy0TBxesYZAH2smGPNU0bZAfWPSOKZCtteIUTlBTVT9KjZADj5WMebvbn4r1AtbWAwZAEE1k7bIyZBLMDgRZBhVZCYQ1Bzxt	うどん	male	11/30/1991	Aizuwakamatsu-shi, Fukushima, Japan	2014-05-16 05:04:33.858421	2014-05-23 04:57:47.821582	Donuts
8	jun-hirata0402@ezweb.ne.jp	$2a$10$GR.WdnxZj1k4hj1rPY0SJ.0bXnOpw1hx2D2TYPeN74viZMFcDxW0K	\N	\N	\N	2	2014-05-16 05:41:36.998036	2014-05-16 05:41:35.068366	126.99.228.200	126.99.228.200	facebook	100003521158408	Jun Hirata	CAADMgIjhm8EBACWdofgpgZBRuDQTGV6lyfhQjyjJn6UXcF9ERz8hLT9YwNlvEoFUt7mZA3MCTtWO1e42WMUsQnl4UbAoZCT5ZBXsPLWVrD0vJj3NRZAUOd5KP7NmZA7ecxdnBcw63uDaeNvGZBcr0q5Y5qISgs5TE3XvaVsxDzMiHxi9wnZCuoVt9Wvg2TpCswYZD	じゅんじゅん	female	04/02/1991		2014-05-16 05:41:35.063082	2014-05-16 05:42:58.479447	Wantedly, Inc.
11	imadake398yen@gmail.com	$2a$10$u.a2zuKa64K/9kLA.4R/8OMWI9ZFJYEld3xahtAYrzOS9bb3i29Vu	\N	\N	\N	1	2014-05-16 09:56:27.706743	2014-05-16 09:56:27.706743	182.249.245.138	182.249.245.138	facebook	100002356179277	Toshiki Fujita	CAADMgIjhm8EBALdrCto2TxswYi7Rg6ZBkZCoi6DBHeZCrkevogw1NAPVzTmyrL2LmFZB4fTK148OZCWku3F1jKcpRUeXvgH1GqWyyqYLsZB5ah5cWdkX3flBHxuS8yWjtYFh1piToJ542DrEaCCDu8qEZCgrJ7BqRb7A5hODeQCBtN2ekzWUrYb	falcon	male	03/11/1993	Katsushika-ku, Tokyo, Japan	2014-05-16 09:56:27.701976	2014-05-16 09:57:08.865127	デジタルハリウッド大学4年
30	spitzlove5562655@yahoo.co.jp	$2a$10$jgzac3r5YmfpvpFMA5EEm.4l6mM1dF4/gF4.sCQl9Cqgb1lqz5zVW	\N	\N	\N	1	2014-06-03 15:11:41.28562	2014-06-03 15:11:41.28562	106.188.125.167	106.188.125.167	facebook	100003264721648	石塚淳	CAADMgIjhm8EBACM0BdjPMcMYkRZBCxsuwUZAvU7G8AZCk6C0HZCqLzdw64Y3w4BDo3vLDZAt3WrOiZA3inGZBkl9CfY9tUSJUZCssK5lb6Sv0PvdQErM8EmFwRbmsawzZBFnvgpWlOHDBAdv3k1ZAFDXqbMp6T8oVy4d74GAjZAtJ4TmSCTHJUXc5go	いしじゅん	male	12/07/1992		2014-06-03 15:11:39.430112	2014-06-03 15:12:03.502326	東京大学４年生
13	sho.inaba-0917@ezweb.ne.jp	$2a$10$QOKfXeh7oC/Goi0E/.W1/uJR58wSpa12CXfs2yQren/W.yhi/BVuO	\N	\N	\N	1	2014-05-16 11:38:54.166608	2014-05-16 11:38:54.166608	110.5.42.106	110.5.42.106	facebook	100001940527249	Sho Inaba	CAADMgIjhm8EBAMhIVIrXbhzGui2Bp2JZA0UfoCA3PTfobQIlLRaXpuidSbZAwVuAEolGbVhnNUXCozNcKmojxgaJTjq4tBAZBr4N9fsHBl6r891z3KN5AbIZAkNQDJi77mFgfIfRiEuQ2sl2My6NTxtIQq5QNtWRZAiPcEPa2b0hB6BlSWXVZA03wjMr2BIzQZD	しょうぐん	male	09/17/1991		2014-05-16 11:38:54.159101	2014-05-16 11:42:22.54637	Dount株式会社
14	hiroki11x@yahoo.co.jp	$2a$10$YqHWV.qtL3xj/KEOwTlud.8bOKakT5hMrSFWk0pDow63/v3eR0KWy	\N	\N	\N	1	2014-05-16 12:31:59.499236	2014-05-16 12:31:59.499236	126.254.146.55	126.254.146.55	facebook	100002165727272	Hiroki Naganuma	CAADMgIjhm8EBAMfDXvLFr8zUInM11Jd0gymcHUJ8ejDC9J7hEZA6ADjNrLidBShfymrTxtG5hPEDhoWfjVlskOePnyWam9Av0kjUFAui6sZAGuJrFZBZBHO9jYKrHFpeQZAQ1JlimyzREIQ2gkvoTqZCYEiS97oaciw0nRjM7tz4ZCI5mwOizoH	長沼大樹	male	11/11/1994	Kawasaki-shi, Kanagawa, Japan	2014-05-16 12:31:59.49498	2014-05-16 12:32:14.788781	東工大二年
6	mokoa.y@me.com	$2a$10$lcDpTqK35WpY9igQ8CfDNeFYbysb0ku3EbypQaN2sUbxunoLbyFyK	\N	\N	\N	2	2014-05-16 12:47:49.938994	2014-05-16 05:08:11.75962	126.253.12.136	126.253.12.136	facebook	100003328966039	Maoko Yamashita	CAADMgIjhm8EBALkmzpNPX1lLD3Dhs7eXMeXC7eZAfZBqltRbKzjuh7vjXL7Xh19aWyBC1r3s1E53EqAPhY01dElJxQKsicbEymAY0ivMuByzVimdnN4ILP7aFLJ6dORp6jfvptN2CZCTSJc5v7ZAOdxiaiqteWPTOCem0XXbazxDaWRNdpceYb1RK6sBt2oZD	まあこ	female	06/28/1995	Yokohama-shi, Kanagawa, Japan	2014-05-16 05:08:11.756043	2014-05-16 12:47:49.939975	大学1年生
15	kamtom.n@gmail.com	$2a$10$RlnSiOxQB5rZLv8hnoUzyeA/ICeE/kJqxR48//4EusK3jHnOa3Adq	\N	\N	\N	1	2014-05-16 12:40:48.279978	2014-05-16 12:40:48.279978	1.79.22.63	1.79.22.63	facebook	100002945214186	きむら ともよ	CAADMgIjhm8EBAKZBEGS2mpiD1W11NWjaZBd5E8rvcsCrXdaYcWTXokjafhmNrl6NBGYfIZBzqgd17ZBRrP5pn530BWZAYECMnzwJZArfUf0X0FGJp1uoH2qE2gNTmA5eZBOZBey5GJUE7gZAkXDOhgMTTvXQwEPyZCgqETUW7UY2XkbHfNxsjuyt7kXL8gnsXmTQkZD	きむとも	female	06/29/1990		2014-05-16 12:40:48.276669	2014-05-16 12:41:16.419907	
7	koichi.sato.aow@gmail.com	$2a$10$ZCBjLc58WQer76GGG4qZHuNvClpyY89uN4Rcw0sYa7u4U5IFJEfNW	\N	\N	\N	2	2014-06-04 23:43:15.434007	2014-05-16 05:17:49.176291	126.253.137.156	114.49.27.164	facebook	100002141524732	Koichi Sato	CAADMgIjhm8EBAOK0WCKVqKkzceqFwhpKVvkxhBvpl256IPx4AuBZAnhhDKSBm4qXFapsThh03qvhM7A0CA64434Yj5zHBlJz7MNrpK0a0xFe9SlK82XfFqGZCOG5sWvSaWelDbRMAqnNR0cKZCT5NmLRfXZB69WgpVtxWJrn2bka74DtZBjyfiWMdxIpI3VEZD	Justin	male	09/09/1989	Nakano-ku, Tokyo, Japan	2014-05-16 05:17:49.171329	2014-06-04 23:43:16.257444	Just in Time Corporation
24	champion.is.acmilan@gmail.com	$2a$10$.BoUua2fjMtmEUbKf5/CieGRCj1KPgMfuM.qkgb6/RFS2pKs0xDv.	\N	\N	\N	2	2014-06-03 01:55:09.055586	2014-05-20 03:45:25.310487	133.2.210.89	133.2.210.88	facebook	100001691448017	Kimihito Matsui	CAADMgIjhm8EBANQ6hZAASC43pGwO5jrQZAAV6yxeZBDOZC5GPdHbCI5zpBZBOPdhJNEoWqImk4Lbc00FS1FCyb48nZCfIUvc8PZA33jjGWpo2AojyeyFcCGFGpruTIhN3DNxLUzVwns6KvU4aZAw4fMkB6ZC8ZBpkZBVyq7tQE7jhxwWQ1vR7k8J0ZACoeQbsd3H0BoZD	ざきさん	male	06/21/1989	Meguro-ku, Tokyo, Japan	2014-05-20 03:45:25.212103	2014-06-03 01:55:09.080248	青山学院大学大学院前期博士課程１年
16	jinrobass@gmail.com	$2a$10$5uygAOFixUhlA3lERVJtc.A62F.s.JUaVa4mQJrCptvyY2yQS9.k.	\N	\N	\N	1	2014-05-16 17:11:57.452039	2014-05-16 17:11:57.452039	113.154.22.155	113.154.22.155	facebook	100001677769761	Junro Suzuki	CAADMgIjhm8EBACj9wIZA55hPZCeqrfwulWS6V2AXDHQYenYTHjpG7UqukNjZBJmNWG3GZB0q4d97QnMiUV2nSZBUEQhqW85q7mXTniuxuSlqQuwVivFmPNPKUI6pXkOZBlffhfgCO1TNs2ucLb3wZBhtY2j8nzrJdQwf9ZCO1fztFZBXZB0tMAGqbwiHry7WFhVO0ZD	じゅんろー	male	02/24/1989		2014-05-16 17:11:57.442958	2014-05-16 17:12:21.850803	株式会社リクルートホールディングス
23	imokenpiman3475@softbank.ne.jp	$2a$10$m7DMq7bZj4r6FQGdSdRml.OoqsY44HGTs0gqmOS8s6MJ0gihJHIcG	\N	\N	\N	2	2014-06-03 01:55:58.623948	2014-05-20 01:06:55.530161	131.112.125.216	131.112.125.220	facebook	100003525876400	Shun  Iwase	CAADMgIjhm8EBAJ1NP1MnG4tKTJ3UN7oHuxWZB60V5asnOtZCwt3mtQLDro26YezSezS3bFTCZBHSq9OKeeY7BtgZB2illPS3A8F1eMukx3Y3QinFVZAtVbIcNgGvFZB42xKNpG83hFNZCPBGZB89SkxWIXjkVtgLGGFoZBRyHR5J7OBKLZBgxqZBnhLERvvZCrOct8IZD	しゅん	male	03/25/1995	Edogawa-ku, Tokyo, Japan	2014-05-20 01:06:55.405124	2014-06-03 01:55:58.624821	東京工業大学 1年生
17	x5daime@yahoo.co.jp	$2a$10$QT5aGhQnk1jF4nhvk9cJYuXhNXO4Tbc5DYeGtLkPFoL9BkDnLe/Ay	\N	\N	\N	2	2014-05-17 02:43:48.869473	2014-05-16 22:55:30.577252	103.5.142.54	59.85.54.178	facebook	100002493030991	Eiichiro  Takagi	CAADMgIjhm8EBAHqwAWkG9I4lqqzsQvrxE6FEgeCk92JMA5yeDYMav7em01fH5EbnFdJUh6l8nTVPGAX75wFFMIy2vMtlPJljcaVXcVhfmcWOs2xixZAyUlknRZCdVxELWYLAAUEW5rCX8Hb1UGZA3RmPZBfoscbHVyPpemliTgXHC1kjNHZBZApjs9VZB9fnUoZD	5代目	male	09/06/1993	Setagaya-ku, Tokyo, Japan	2014-05-16 22:55:30.573965	2014-05-17 02:43:48.870519	明治大学2年生
18	b1010159_f@yahoo.co.jp	$2a$10$ozf7ebeJl0DTdHMyxDoxDuq9lE5AW1kpJRgCQTgz7VWblYLFZebfe	\N	\N	\N	1	2014-05-17 06:04:35.105601	2014-05-17 06:04:35.105601	106.188.61.40	106.188.61.40	facebook	100002888888159	Rikako Takaishi	CAADMgIjhm8EBAAmkC2ucBjFgT1PrBhiGFOqqg2tZBjOQN0BBqEJ0Fnikq8F3wZBNOYCKVCXjBKMiq5oiksEaYyXpCWWyLOVpNaukYq2oRIwz4ZCkqeVTPbeWq4NOZAKcoiDnlznTmtrgtDrkgRnwwZBZBys4QkYL44vZASLc9lVzQXYj6yMTIkO	りっちゃん	female	01/30/1992	Hakodate, Hokkaido	2014-05-17 06:04:35.070495	2014-05-17 06:04:47.711586	
22	willful.slight@gmail.com	$2a$10$Do1mpmmSG9omw/i1PWrq6uC7Zh3nBTy9lMTPUKwe61OlyiRLu5eTa	\N	\N	\N	1	2014-05-19 07:02:19.231605	2014-05-19 07:02:19.231605	116.64.108.163	116.64.108.163	facebook	100002790568503	Yuki Ando	CAADMgIjhm8EBACBtBurilVRPRDLbDj6KVloK2NgVwANTN1aHfRwVBoOhsompgJmjXIDbxxkqTlx2fuc7o2CGjywUZALPaS44PL0zdx1y6dz65K1iZAwTBhp9kCvb8zphv4nZCwlzt7NFoZBv8YFUoyGYLIRYZCn0QjEQhPa9xt5nQ7CbxHWHZARTOONfLhjR4ZD	\N	male	04/04/1996	Setagaya-ku, Tokyo, Japan	2014-05-19 07:02:19.156625	2014-05-19 07:02:19.232445	\N
25	ando.junya@donuts.ne.jp	$2a$10$oXm99q6a6mNdMfK1Stg31u707AevCjNOHd.RILs6heyYRGajJgJwy	\N	\N	\N	1	2014-05-23 01:40:07.864423	2014-05-23 01:40:07.864423	110.5.42.106	110.5.42.106	facebook	100003584795107	Ando  Junya	CAADMgIjhm8EBAPMeZCLl2AzfG5PQSZAZAvHvWwgdJjejLqmZByAKdBkWWZCyb3kAplywYhmFahF1RwaVD1cB5KzyrIgQa1cMRFjF65rNpgCXfJFCSoQibGeR4eZCRiUpeNY9VZCyf0tx2t5UOGlRNBvbBnY09HFr8hZAXGfvRiLGnLocrU6uuOHz	あんじゅぅ	male	02/25/1992	Toshima, Tokyo	2014-05-23 01:40:06.977321	2014-05-23 01:41:44.297556	東洋大学経営学部経営学科
20	b09453my@gmail.com	$2a$10$N/5RtlfgKVnKCFs6flTv..6.3D2ab6thqutjT9t81sYItVcn78CIG	\N	\N	\N	2	2014-05-20 12:05:44.981873	2014-05-18 01:56:35.629105	106.149.12.206	106.149.15.19	facebook	100007176457107	Yumi Matsu	CAADMgIjhm8EBAOQDkvZB8Gt3b6l1UmLdkZAwuXVwZARO7ZCB0UcoPxOgqlAkt0s3l24SfO2lS0agtIL6JOrtwmSObyHYnk1T7sRADdiDDWynffJoy33TcdtZBOffAmHYQ2UNWtJ5ZCB8yGYkKXCXFuAOmkzhCaB6ROqHz1kDgTTQCU6jf9dzF8ePQ4rcWGdi8ZD	まっち	female	05/01/1991	Yokohama-shi, Kanagawa, Japan	2014-05-18 01:56:35.543689	2014-05-20 12:05:45.344331	
19	s.tomoko1112@gmail.com	$2a$10$LqJ1QQVj3Xte0ticjrk6TOTTCzdmqe/jZBLysZ0S5zISguxUFC6t.	\N	\N	\N	2	2014-05-22 00:21:08.516039	2014-05-17 07:53:51.686448	61.121.217.66	119.72.193.162	facebook	100002235415377	Tomoko Suzuki	CAADMgIjhm8EBALNZCZBcH24DLwBPoZBub25ymYKKzLxaGO2urZBXoVZBwtiqF8OHBUzG7yFwmForhMGesi2PUXSvF0W93cM76PVJ4avuarMu3HcLDYoVw39zQTeYR20ABmxxyKCcjM8k5ZC6JfotBQo1XexQa7Qc2wzwotmcG8eVjlo9Teqca6lRwWyvszpQ8ZD	とぅーみん	female	11/12/1991	Shibuya, Tokyo	2014-05-17 07:53:51.511739	2014-05-22 00:21:08.52478	
21	ayaka.h0528@gmail.com	$2a$10$hzpsdV6KCpnoya7EFJTYBObDY8ErflHEXQSkdDLfwU3NMdOCdAYmu	\N	\N	\N	2	2014-06-01 08:53:22.55363	2014-05-18 08:54:48.732213	103.5.142.39	103.5.142.53	facebook	100002909887568	Ayaka Hara	CAADMgIjhm8EBAFjZAMhy4DDASOQOsCs660K9KIHnJIZCyHxhJFn6XTe8A96WuLaxRicAAu4BMQRVJHB2KvqU0vGD9gcI3Ll7tzTQicxthuUsqCAelbfv6iW4kVq5BzbjLlwuEIpZC7u1w77iHI7mICDBTVZB3Yn2nb0zCvO5nmTQ8grGdwtO	はらぴ	female	05/28/1990	Meguro-ku, Tokyo, Japan	2014-05-18 08:54:48.674485	2014-06-01 08:53:22.561892	LifeisTech大学1年生
26	seijiro4751@gmail.com	$2a$10$vuqgeutnXt.bJhqR69F7xuzuRYBvPNw/JrM./6um4VC.4ctVOO7jK	\N	\N	\N	1	2014-06-03 02:08:08.959126	2014-06-03 02:08:08.959126	124.35.221.2	124.35.221.2	facebook	100001088920989	Seijiro Ozawa	CAADMgIjhm8EBADpjBF46ZCrNT2WVERTxdVsSs5wGtwU9Y9XhcOZCGbiydS5ngig9jEgkn1rIoeTfR15rZCCmdZCgpIe1TY5vUhjjfntsN7Mhk7VM8GR7ITmVeHZBeeDDVw1qzqeZBjQQoitBCuQoAos3VT9QMntTYYVk5BMcpJUlhm5VJPQ2ti	\N	male	11/04/1991	Shibuya, Tokyo	2014-06-03 02:08:08.761621	2014-06-03 02:08:08.960195	\N
27	ms.kabochahead@i.softbank.jp	$2a$10$5M/iI6VJ3r/8peHV7nVCi.7PfcSYdy726C2xwM.SSpph2.diMJHO.	\N	\N	\N	1	2014-06-03 02:35:14.752802	2014-06-03 02:35:14.752802	103.5.142.26	103.5.142.26	facebook	100003481479412	Eri Tange	CAADMgIjhm8EBAIbRZAP8rcLh9xu1wBWWWWZB5VzUuuN4prKWjNrUqWaSZBU7qkK9zqfmZCwZB4mWT1azDzOZBIkZCG9ZBAtPSI1KW5iSIbkOZCZCPVmOKDlgTZCqJks0YyXVdeZCWFZBL3kYyyzY7lhdg71u1taZBpktbKfwEGOttOzYUYyVesvr0ZCIAOk	たんげ	female	10/03/1991	Koto-ku, Tokyo, Japan	2014-06-03 02:35:14.651506	2014-06-03 02:35:27.212545	社会人
28	k.tomoaki5@gmail.com	$2a$10$WI9XzCqW9rLkz1yXArxs4u7nNzFp5O5rj81x2ykZuPnI0JDsx/Lzy	\N	\N	\N	1	2014-06-03 03:06:24.330979	2014-06-03 03:06:24.330979	219.117.213.182	219.117.213.182	facebook	100001639935715	Tomoaki Kikuchi	CAADMgIjhm8EBAOqEveZBManoZBETebDZA44HMokITWsmaxM3lE2nokh4oJGmmngrZCrPYZAphT487mAs0G6sajYAJqDbuTfbXQJWLbwZBB9FjjbOopdAyDKkZAaystq1gNjetJX42rvH0RWQprQ8q69NIYBRZBAi0tO8Sc7oL5F9kub9uG7rCj58	パオパオ	male	05/23/1988	Shibuya, Tokyo	2014-06-03 03:06:24.267044	2014-06-03 03:07:16.836422	株式会社ドウゲンザッカーバーグ
29	takahiro.masaki.givery@gmail.com	$2a$10$THJqMaGCv1Ch3ErBvUwSIOi2yhHpfit3NwvzHDZL1nQcbiD2Pmqge	\N	\N	\N	1	2014-06-03 03:06:27.809773	2014-06-03 03:06:27.809773	124.33.192.250	124.33.192.250	facebook	100000469258749	Takahiro Masaki	CAADMgIjhm8EBABZCNPDj4V6iym1h7ktJ1sWT60XZC0JZAz1EFuXnVGWErtYqAkIT8gjTPef4TkUjYbyQI1ZAxRx3ZBFZBou3MmifDlS78vGJU0lOIbBINFzTh1lIJzaluIXRwyE3ZC1ZAp4kftUaMK3IRaBL6K2Y0SOWrqlWN8uESM67WNwn4OaK	Tak	male	01/19/1992	Yokohama-shi, Kanagawa, Japan	2014-06-03 03:06:27.793837	2014-06-03 03:06:59.740199	ぎぶりー
37	hajiming@gmail.com	$2a$10$Ya/1gzJ0rI3e6CKG71IKT.qhZ9/FRB431SuDsWRV37hWSt4hFo3Rq	\N	\N	\N	2	2014-06-20 03:43:07.876665	2014-06-07 02:51:47.988446	182.249.242.162	126.94.57.3	facebook	100002084101763	Hajime Hirono	CAADMgIjhm8EBADWki4ll45ac1GyB7eZBSc0oFJvtYUIW0c17xMZAP7Y1GjitMJDNZAIyIWL9D1FcJevpIL7FH0eCeGtkbktkDSzHe1zzNtkxhdR8U3tWNB8kYKLt05md5ollAe7Y366wjzQlpn9wwVVyfZBOjShp1DEZAkgZCghtx1sLh0QZB3vRT4NynyR2bkZD	hajipion	male	02/01/1992	Suginami-ku, Tokyo, Japan	2014-06-07 02:51:47.802628	2014-06-20 03:43:07.878393	
12	sailing-of-life@docomo.ne.jp	$2a$10$KL3CE3KiCgGv/JVwVFPytOhAddYTJeEBt.XnaKlqBftxrdNvrIMZK	\N	\N	\N	3	2014-06-20 22:41:13.897331	2014-05-16 13:29:45.476513	49.96.243.201	119.150.7.204	facebook	100004328077621	坂本大介	CAADMgIjhm8EBALJXXe34xTZA9DFDSvOZAr44Ke2dxktEfDonjrhxwMQocDvLzQSRZCfF4NRTsKK3mJY2UaP9BZBILz6m3EeABZAR0StYYbvsZC6d1AXV95jrCOQSsw51h7moRM1Ti0q2o59ZBW6n2bDacv6fUl83sDVFRN2cSm0EAJ7AZA1e5nuA	Dのすけ	male	03/04/1994	Inagi-shi, Tokyo, Japan	2014-05-16 11:32:21.884116	2014-06-20 22:41:13.938987	職業能力開発総合大学校 電子情報専攻 3年生
32	uranourahaura@gmail.com	$2a$10$A5Y4f21JLl94XYiERjTefuRppX2msgsDuD.kfdV4Da/b83EWYEffu	\N	\N	\N	1	2014-06-05 16:01:33.006508	2014-06-05 16:01:33.006508	219.98.74.169	219.98.74.169	facebook	100001914687172	Takuya Urashima	CAADMgIjhm8EBAK4Bfg7CeZCTfUNgHZA2Hqqw5JZC8W96NEShpEyhjiRYsCcZBUEZB0qcy5ok9AKxeHraETYZBWa8HL5DmRICtN1ljrK6SolJnpc2HOSgvE6ZBueP5bZCOHS6CngdJ5i0mJ4TvERL2qWyIMZCKqCJbEUAXUcGDl2ZCsI1Qr34IyGOLl	うらどら	male	01/09/1989		2014-06-05 16:01:30.54587	2014-06-05 16:03:06.845483	バリスタ屋さん
33	mirror.ling.aptitude@gmail.com	$2a$10$6jDbxxm88eEJ21D0nS8IoOAGtfde3wEJkCnXOdiYDBfgAL2VUz3D2	\N	\N	\N	1	2014-06-06 10:06:49.867725	2014-06-06 10:06:49.867725	113.39.27.4	113.39.27.4	facebook	100006792760593	Kenta  Murakami	CAADMgIjhm8EBAL0ZA0XvfW4JBtY3JP9UD34C3tSGBHljjBZBzflFKss1StSlUTstLt0gJkKsYytZCJpi1U0CkRGrZAw8nZBF4PoZBYeOAEue1jayEGFvFcvBlGTK7eDnQsmP85Az9pvrII2ucG7Ow38L2gyqeSzmZAANZBNAfNwq3c30ipv9ABffvO1YgHuAIAAZD	\N	male	01/03/1991	Koganei, Tokyo	2014-06-06 10:06:46.416218	2014-06-06 10:06:50.261151	\N
34	ryo.egu@gmail.com	$2a$10$PXvysQ3vmqhUX9z6.Why8uO6aattcHZ4I8kWM4QIHU7penbR7zPre	\N	\N	\N	1	2014-06-06 10:12:37.935227	2014-06-06 10:12:37.935227	43.244.28.51	43.244.28.51	facebook	100001425109970	Ryo Eguchi	CAADMgIjhm8EBAJslgZBfTiNUQovm3U22ZAKrKYiDLBA8CGJfpWroF6qyGFZASjGfEOl5foeHbs1ppBCfvTe1mI35wZCj4E5idXuEaDP3ZAb3BtPETBB7CDFBrCNGh7PA4InoBm07PiEalWQpNi5wXNZCTvqV3vZCvBkbe5UdAZA7oLZAlZAr7sTxeYZCyTlxA76fRwZD	あなざー	male	05/30/1994	Bunkyo-ku, Tokyo, Japan	2014-06-06 10:12:37.22164	2014-06-06 10:13:45.106539	上智大学2年生
31	yusei1128@gmail.com	$2a$10$UKGoxikLo1AwWw8cOiTXKeQh.5kHQTiLLehM0xN1iImtO42foaOvG	\N	\N	\N	2	2014-06-07 15:11:58.647137	2014-06-03 16:46:01.063418	101.128.189.98	101.128.189.98	facebook	100002057414523	Yusei Yamanaka	CAADMgIjhm8EBAP6tBhJWjBPQusbYcCocHiJhBamRrfvZAxBXdkaPUZBQ4MGzOh2FpZCqU0wMkZBx2ZAZBlXvrFQ2Pxxv1ZAF6nkYIS3mhcMC1ZAKtT5Xjag3dJqrHO7A99CyHT43dOVPEbZBib3vA3v5hJYOtJNSZCvm5YplMI7SCz2GjqMz1YYlLOIGxcrYFbODEZD	みゆっき	female	11/28/1994	Setagaya-ku, Tokyo, Japan	2014-06-03 16:46:00.725655	2014-06-07 15:12:14.766603	
35	suzukiyuka1218@gmail.com	$2a$10$V7ulCOmsh4.juCmuN.p8Eeb5PqwjGwj4tYttKmOIga.tspV1OND0a	\N	\N	\N	1	2014-06-06 10:23:35.253682	2014-06-06 10:23:35.253682	126.196.135.201	126.196.135.201	facebook	100004518637029	Yuka  Suzuki	CAADMgIjhm8EBALZBaaLR3g3eUZAMjPSHEZCOLbZBV7PnISAgr6UeKxk5ZBHj1MxCbuvUZBqZARoF3j3r8jrEKhDZCsuk1urvMPhJ9IUhQ8hXZBHJrhCQC4T4ZAVlwAbBszYTNHmoFlZBr79dNiioZBzdlYXJ4KtmGrhsQz4IZBikN6cr8rVf2BwSv1idp5Gcko1tXJ6MZD	ながた	female	12/18/1995		2014-06-06 10:23:35.083425	2014-06-06 10:24:12.288446	東工大1年
36	4o2s5q3t@gmail.com	$2a$10$RSkcGI12eeox3BnI.gXn/uwuu8.0wOVtPNw.AZGBSzFfwVBdO.xDa	\N	\N	\N	1	2014-06-07 02:20:54.172635	2014-06-07 02:20:54.172635	123.224.90.133	123.224.90.133	facebook	100002595710000	Rina  Nagano	CAADMgIjhm8EBAHfCmMFfjdr0qYZCFvcAakTzE091sAwZAvhgnWxjoSjWwZAQ77eOWpacrYQz8ieJ2CLaS7riGnZBcnWi7l3m5MGhFObks5ZCdtY9R0a2LZAhQBlU70fZBFR3GhQZASq90dT3rkhg9dZBb34F7cLWxI3gab7ZAGC3RT8xj2QumL91nAahKihI1PpVkZD	\N	female	04/23/1989	Fukuoka-shi, Fukuoka, Japan	2014-06-07 02:20:38.713002	2014-06-07 02:20:55.1456	\N
38	wedliketothink@gmail.com	$2a$10$cGiE0AnCKBYpICbAtRf2putMYV3jIl5eq7E18za0MyBwR6xgunmru	\N	\N	\N	1	2014-06-20 02:41:42.032563	2014-06-20 02:41:42.032563	131.113.17.82	131.113.17.82	facebook	100002654338021	Yoshiki  Kawakita	CAADMgIjhm8EBALfVthyDC33rIZAVZBjC9kwihUPvjqArj6RF3fzfTJnKyaLvRP3rKte3qLIxtE1Em3VXUkq5BzYl6625MyXBXEx3nZAop26qbknfwbR0lsR6dzEIGoJbiYAgZAAEeYI07mgnIU9qpZAvZCnoDp3Rvsqul1syqPEtyjlA1dJMQGN8CzURWElpcZD	しかお	male	12/20/1991		2014-06-20 02:41:40.580299	2014-06-20 02:42:27.122706	LITメンター
39	negishi@donuts.ne.jp	$2a$10$6BYjzPruLpcV8RW4pS73Xuure/VRp5zrTNp8b4ZSMme2x4z/ney6i	\N	\N	\N	1	2014-06-20 03:35:04.428639	2014-06-20 03:35:04.428639	110.5.42.106	110.5.42.106	facebook	519683119	Shin Negishi	CAADMgIjhm8EBADJZC5PPnhmM6dmw5OkZAkYDg4qA894ETdhJFGGuwjsz3BGn1otPCqsQD013ciPuxCAJb77BpDanlFXiXVJ9nHWWYgXQGOujYqp1SLQ1JbM3xZAWR7T9u76UX0KGnd9VXS3PbAgJHrtB7nyVp9dkIK9tlhvrCVmzvkliVNO	snegishi	male	06/12/1979	Shinjuku-ku, Tokyo, Japan	2014-06-20 03:35:03.947222	2014-06-20 03:35:39.099558	
\.


--
-- TOC entry 2846 (class 0 OID 0)
-- Dependencies: 173
-- Name: users_id_seq; Type: SEQUENCE SET; Schema: public; Owner: hacker
--

SELECT pg_catalog.setval('users_id_seq', 39, t);


-- Completed on 2014-06-26 23:25:13 JST

--
-- PostgreSQL database dump complete
--

